scorer,DLC_resnet50_NCPNov4shuffle1_263000,DLC_resnet50_NCPNov4shuffle1_263000,DLC_resnet50_NCPNov4shuffle1_263000,DLC_resnet50_NCPNov4shuffle1_263000,DLC_resnet50_NCPNov4shuffle1_263000,DLC_resnet50_NCPNov4shuffle1_263000,DLC_resnet50_NCPNov4shuffle1_263000,DLC_resnet50_NCPNov4shuffle1_263000,DLC_resnet50_NCPNov4shuffle1_263000,DLC_resnet50_NCPNov4shuffle1_263000,DLC_resnet50_NCPNov4shuffle1_263000,DLC_resnet50_NCPNov4shuffle1_263000,DLC_resnet50_NCPNov4shuffle1_263000,DLC_resnet50_NCPNov4shuffle1_263000,DLC_resnet50_NCPNov4shuffle1_263000,DLC_resnet50_NCPNov4shuffle1_263000,DLC_resnet50_NCPNov4shuffle1_263000,DLC_resnet50_NCPNov4shuffle1_263000,DLC_resnet50_NCPNov4shuffle1_263000,DLC_resnet50_NCPNov4shuffle1_263000,DLC_resnet50_NCPNov4shuffle1_263000,DLC_resnet50_NCPNov4shuffle1_263000,DLC_resnet50_NCPNov4shuffle1_263000,DLC_resnet50_NCPNov4shuffle1_263000
bodyparts,nose,nose,nose,Lear,Lear,Lear,Rear,Rear,Rear,LFfoot,LFfoot,LFfoot,RFfoot,RFfoot,RFfoot,LHfoot,LHfoot,LHfoot,RHfoot,RHfoot,RHfoot,basetail,basetail,basetail
coords,x,y,likelihood,x,y,likelihood,x,y,likelihood,x,y,likelihood,x,y,likelihood,x,y,likelihood,x,y,likelihood,x,y,likelihood
0,2468.390625,730.6509399414062,0.9975519776344299,2593.62939453125,570.42919921875,0.920941948890686,2546.90234375,565.9926147460938,0.9840522408485413,2579.1484375,761.9508666992188,0.6346079111099243,2790.104248046875,721.940673828125,0.5473651885986328,2583.463134765625,760.1187744140625,0.9107651710510254,2978.55224609375,760.4781494140625,0.1739659309387207,3183.823974609375,585.817138671875,0.7499809861183167
1,2457.5537109375,732.3598022460938,0.987847089767456,2583.914794921875,580.1904296875,0.9816101789474487,2535.486328125,569.0436401367188,0.9758573770523071,2581.34814453125,761.11328125,0.6275752782821655,3045.78125,752.19775390625,0.43958133459091187,2585.406982421875,760.0401000976562,0.8662614822387695,2979.248046875,761.0455932617188,0.1759413778781891,3178.12939453125,585.7379760742188,0.8479681015014648
2,2442.044677734375,731.604248046875,0.981421709060669,2570.297119140625,575.7354736328125,0.9584331512451172,2525.212890625,569.1263427734375,0.9668833613395691,2583.66357421875,760.6103515625,0.6806591749191284,3045.892822265625,752.458984375,0.6402078866958618,2982.261474609375,761.7485961914062,0.8542165160179138,2980.166259765625,762.0736694335938,0.2585844397544861,3171.511474609375,583.84814453125,0.856839656829834
3,2426.0478515625,731.236083984375,0.9755246639251709,2554.34130859375,578.8297119140625,0.9683306813240051,2512.65380859375,568.6336669921875,0.9808470010757446,2583.129638671875,762.9879760742188,0.7770998477935791,3045.68603515625,751.5980834960938,0.7590336799621582,2980.3857421875,763.2832641601562,0.8599749207496643,2978.54345703125,763.7070922851562,0.25491422414779663,3155.398681640625,587.6575927734375,0.9623426795005798
4,2410.64599609375,729.9188232421875,0.9613616466522217,2540.6015625,579.5582275390625,0.9794212579727173,2501.438720703125,569.3212890625,0.9724642038345337,2582.955322265625,763.8123168945312,0.7962979078292847,3047.39453125,749.7562255859375,0.6170448064804077,2982.779541015625,764.2975463867188,0.9036613702774048,2980.510986328125,763.93408203125,0.1867731511592865,3140.39599609375,591.1012573242188,0.9022517204284668
5,2397.537109375,731.167724609375,0.9706010818481445,2524.2587890625,581.5234985351562,0.9850423336029053,2489.46435546875,569.1509399414062,0.9301397204399109,2581.767333984375,764.4947509765625,0.7150666117668152,2635.925048828125,747.9463500976562,0.3881514072418213,2991.858154296875,766.36376953125,0.9178125858306885,2989.08349609375,767.1143798828125,0.2025984227657318,3121.759521484375,593.4768676757812,0.9580675363540649
6,2385.18212890625,732.2574462890625,0.9863062500953674,2512.61376953125,582.9207153320312,0.9886473417282104,2474.516845703125,569.3336181640625,0.8564354181289673,2587.20751953125,764.8799438476562,0.7356391549110413,2639.320068359375,748.6260375976562,0.34779322147369385,2997.922607421875,775.98828125,0.8508288860321045,2995.76171875,775.3699951171875,0.12200531363487244,3108.91015625,594.8228149414062,0.9874699711799622
7,2374.548828125,735.0077514648438,0.9906904697418213,2499.733642578125,582.6734008789062,0.9633018374443054,2466.206298828125,573.8009033203125,0.9682226181030273,2586.509521484375,765.8072509765625,0.791242241859436,2640.364501953125,747.935546875,0.6032488942146301,3001.2294921875,775.559814453125,0.9006818532943726,2587.1572265625,764.7525634765625,0.08631166815757751,3092.003173828125,598.1895751953125,0.9734644889831543
8,2368.21826171875,733.1298217773438,0.9955747127532959,2497.54150390625,588.8023681640625,0.9856781363487244,2458.881591796875,571.8984985351562,0.9344729781150818,2587.097900390625,764.8760375976562,0.7450739145278931,2643.440185546875,747.189453125,0.5438364148139954,2590.194580078125,763.77197265625,0.6321259140968323,2645.0224609375,747.5479736328125,0.08637771010398865,3075.59326171875,602.909423828125,0.9585157036781311
9,2361.087890625,733.83935546875,0.9668229222297668,2490.7138671875,584.2760009765625,0.978489875793457,2454.77392578125,575.1091918945312,0.9643411636352539,2586.427734375,765.8292236328125,0.7613414525985718,2646.146240234375,748.4822387695312,0.2754496932029724,2795.432373046875,746.5963745117188,0.6803776025772095,2793.64892578125,747.1381225585938,0.24480092525482178,3055.717529296875,605.3671875,0.942720890045166
10,2351.19287109375,734.445068359375,0.9857721328735352,2479.668212890625,586.6543579101562,0.9798076152801514,2443.804931640625,576.51953125,0.9042665958404541,2586.71435546875,764.9793090820312,0.7489367723464966,2756.7333984375,748.269775390625,0.4605022668838501,2589.413330078125,764.337158203125,0.6125289797782898,2758.34765625,749.2107543945312,0.45540761947631836,3029.198486328125,609.4085693359375,0.9298326969146729
11,2345.537353515625,733.5345458984375,0.9839029312133789,2476.221923828125,585.9313354492188,0.9775629043579102,2435.956787109375,578.1234130859375,0.9811186790466309,2585.895263671875,764.7890014648438,0.7523925304412842,2711.61572265625,749.3978881835938,0.11981749534606934,2588.47705078125,764.2373657226562,0.4710654318332672,2713.178955078125,749.7310791015625,0.5281634330749512,3002.830322265625,619.8375854492188,0.14631792902946472
12,2339.287841796875,733.7567138671875,0.9957689046859741,2465.572998046875,586.3927612304688,0.9875934720039368,2430.350830078125,577.7369995117188,0.8632462024688721,2585.7666015625,764.4805297851562,0.711239755153656,2516.806640625,729.9065551757812,0.3235243558883667,2589.011962890625,763.87646484375,0.5326106548309326,2778.633544921875,749.8309936523438,0.2543572783470154,2982.0693359375,620.731689453125,0.8086777329444885
13,2329.842041015625,736.0391845703125,0.9931234121322632,2454.89990234375,582.9156494140625,0.9786895513534546,2417.71728515625,579.3301391601562,0.9779769778251648,2585.99365234375,765.2861938476562,0.7593404054641724,2512.50634765625,729.2843627929688,0.7475534677505493,2710.3125,763.5914306640625,0.887284517288208,2709.178955078125,763.6361083984375,0.07946756482124329,2968.74951171875,623.7431640625,0.9129819869995117
14,2328.00439453125,732.8019409179688,0.9924845695495605,2456.6142578125,583.2081298828125,0.9864751100540161,2410.8671875,577.7984008789062,0.9501627087593079,2586.202880859375,765.3040771484375,0.7827423810958862,2558.403564453125,735.8538818359375,0.20385557413101196,2700.949951171875,765.6188354492188,0.9613971710205078,2696.871337890625,764.2838134765625,0.1224006712436676,2956.239990234375,628.5808715820312,0.9285807609558105
15,2324.75537109375,730.0611572265625,0.9954178333282471,2455.53466796875,578.3272094726562,0.9836969971656799,2407.023681640625,572.2836303710938,0.9517654180526733,2586.948486328125,765.0100708007812,0.6376281976699829,2551.161865234375,732.5193481445312,0.47731995582580566,2700.122314453125,765.3196411132812,0.9644598960876465,2324.155517578125,726.1875610351562,0.06417587399482727,2950.648193359375,631.8836059570312,0.7698801755905151
16,2318.24853515625,732.0999145507812,0.9873842000961304,2448.989013671875,578.9441528320312,0.9889025688171387,2397.92626953125,570.6363525390625,0.9709560871124268,2586.883544921875,765.7671508789062,0.7309930920600891,2496.725341796875,722.8234252929688,0.3895973563194275,2700.36572265625,763.286865234375,0.9071874022483826,2498.095947265625,722.0487670898438,0.06303471326828003,2942.34912109375,636.9259643554688,0.279918372631073
17,2309.481689453125,732.2794799804688,0.9942681789398193,2444.48095703125,580.6630859375,0.9751389622688293,2387.17333984375,567.6718139648438,0.9837369322776794,2584.592529296875,765.7755126953125,0.7793627977371216,2584.832275390625,763.4557495117188,0.1413176953792572,2702.0498046875,766.3956909179688,0.9528477191925049,2585.869140625,765.4342651367188,0.062314361333847046,2933.405029296875,636.5711669921875,0.813223123550415
18,2303.065673828125,736.716796875,0.9975060820579529,2430.061767578125,579.8258666992188,0.9731850624084473,2372.812255859375,573.08154296875,0.8834377527236938,2588.6259765625,765.1439208984375,0.7422381639480591,2588.01025390625,762.9852905273438,0.15817037224769592,2701.35498046875,767.1044311523438,0.9445789456367493,2588.363037109375,764.9391479492188,0.1050507128238678,2927.43359375,637.0029907226562,0.8014821410179138
19,2292.07177734375,741.9707641601562,0.9989114999771118,2422.153076171875,582.1609497070312,0.8262181282043457,2359.66015625,572.4074096679688,0.8043639063835144,2589.760986328125,766.8968505859375,0.7266519069671631,2588.468017578125,766.461669921875,0.18702924251556396,2702.16015625,768.9022827148438,0.9733227491378784,2589.37646484375,766.13720703125,0.16079828143119812,2920.7998046875,631.2925415039062,0.8576481342315674
20,2279.70166015625,745.7846069335938,0.9783493280410767,2405.54736328125,586.7589111328125,0.8586198091506958,2344.044921875,573.4295043945312,0.8491615653038025,2588.065185546875,765.2033081054688,0.6745789647102356,2585.7724609375,764.2774047851562,0.18170586228370667,2705.487548828125,770.5783081054688,0.9847002029418945,2588.058837890625,766.2849731445312,0.2840123772621155,2908.037841796875,625.2561645507812,0.7887165546417236
21,2264.99169921875,744.3206787109375,0.9798098802566528,2398.45947265625,591.7046508789062,0.9171487092971802,2333.547119140625,577.9207763671875,0.9239934682846069,2589.37744140625,765.9369506835938,0.7107118368148804,2587.45703125,763.8322143554688,0.11685377359390259,2704.74267578125,769.80517578125,0.9854748249053955,2589.63818359375,765.9846801757812,0.1799405813217163,2895.93359375,617.4285888671875,0.9133940935134888
22,2244.6787109375,740.9041748046875,0.9953314065933228,2322.7568359375,575.3237915039062,0.6745032072067261,2324.211181640625,573.6696166992188,0.9284526109695435,2588.05078125,765.30419921875,0.764413595199585,2337.56591796875,749.2886352539062,0.6163991093635559,2705.26025390625,770.5859985351562,0.9873474836349487,2340.46337890625,749.5272216796875,0.2591974139213562,2884.510498046875,613.105224609375,0.9586768746376038
23,2226.07177734375,736.5908813476562,0.9928306937217712,2307.430419921875,571.8191528320312,0.8409448862075806,2307.23681640625,569.4633178710938,0.9645941257476807,2542.2041015625,738.7012329101562,0.6625685691833496,2541.0771484375,739.7736206054688,0.664126455783844,2705.585205078125,769.091552734375,0.981927752494812,2344.675048828125,746.5032348632812,0.3185301423072815,2873.294677734375,613.9044799804688,0.9151097536087036
24,2208.610595703125,734.5905151367188,0.9748053550720215,2292.75,571.714111328125,0.8698080778121948,2290.865478515625,567.9386596679688,0.7170530557632446,2346.43115234375,746.069580078125,0.42282137274742126,2419.14697265625,736.5178833007812,0.5823770761489868,2707.499755859375,769.3786010742188,0.9866074323654175,2343.158203125,745.5750732421875,0.20238494873046875,2866.6591796875,608.0720825195312,0.953243613243103
25,2182.2431640625,728.4948120117188,0.9889324903488159,2282.606201171875,575.5054931640625,0.6457598805427551,2272.35400390625,566.2210693359375,0.1657450795173645,2340.45947265625,736.2320556640625,0.5396009683609009,2340.1396484375,735.833984375,0.33828842639923096,2707.52880859375,768.9605712890625,0.9830299615859985,2340.26611328125,735.66796875,0.3501300811767578,2857.681396484375,599.416748046875,0.9082479476928711
26,2158.564208984375,726.770751953125,0.9909418821334839,2249.687744140625,570.4070434570312,0.259548157453537,2249.945556640625,564.7348022460938,0.2830406427383423,2281.88623046875,734.291259765625,0.5283975005149841,2342.84619140625,746.5394287109375,0.5727355480194092,2708.54541015625,766.9774169921875,0.9678009748458862,2281.45751953125,734.199462890625,0.27885234355926514,2840.293212890625,594.2132568359375,0.9455628395080566
27,2130.964111328125,729.6307373046875,0.9906810522079468,2224.111328125,572.4055786132812,0.45931917428970337,2226.0205078125,566.440185546875,0.5406345129013062,2235.226318359375,742.18115234375,0.45415976643562317,2341.40869140625,747.1398315429688,0.6466652154922485,2709.986328125,768.7827758789062,0.976872444152832,2235.164794921875,741.9714965820312,0.4317311644554138,2822.120361328125,585.8042602539062,0.9196692705154419
28,2107.142578125,735.8048095703125,0.9693484306335449,2205.799072265625,581.3148193359375,0.4935249388217926,2203.363525390625,575.3968505859375,0.3635992407798767,2219.3701171875,759.2350463867188,0.6316475868225098,2338.503662109375,747.2051391601562,0.912629246711731,2709.226318359375,770.0185546875,0.9707169532775879,2218.63818359375,758.8473510742188,0.2895200252532959,2791.872802734375,575.52978515625,0.9418603777885437
29,2078.149658203125,736.3380126953125,0.9925425052642822,2174.94677734375,584.5059814453125,0.4833434224128723,2170.620361328125,576.0272216796875,0.49469712376594543,2217.989990234375,761.8756713867188,0.6922053098678589,2338.761962890625,746.0803833007812,0.9114265441894531,2708.17333984375,771.2696533203125,0.9099031686782837,2703.89501953125,769.7735595703125,0.18470874428749084,2757.635498046875,565.6937866210938,0.9644020199775696
30,2058.653564453125,737.392822265625,0.9881503582000732,2165.2724609375,591.797119140625,0.9487764239311218,2156.0869140625,579.3372802734375,0.9196497797966003,2217.767333984375,761.4551391601562,0.7697784900665283,2338.74365234375,746.2805786132812,0.9482057094573975,2712.029541015625,770.1537475585938,0.7256509065628052,2707.96240234375,766.8731689453125,0.264900803565979,2718.506591796875,573.2503662109375,0.9312610626220703
31,2042.45947265625,738.6962890625,0.9880364537239075,2150.25390625,594.32275390625,0.9493436217308044,2141.71728515625,581.0626831054688,0.7194551825523376,2215.696533203125,761.9782104492188,0.8256786465644836,2334.04052734375,746.5482177734375,0.743405818939209,2442.70849609375,739.3120727539062,0.7534623742103577,2437.478515625,738.3261108398438,0.901543140411377,2684.216796875,595.13330078125,0.8810988664627075
32,2025.747802734375,741.6414794921875,0.986846923828125,2133.656982421875,592.7207641601562,0.857810914516449,2126.443359375,581.8751220703125,0.7691811323165894,2216.401123046875,761.9583740234375,0.8383274078369141,2310.964111328125,747.5237426757812,0.35791754722595215,2218.63037109375,760.3822631835938,0.5711996555328369,2361.254638671875,747.8951416015625,0.13442766666412354,2649.009765625,618.4629516601562,0.8789188861846924
33,2013.9757080078125,743.2561645507812,0.9919900894165039,2124.09130859375,591.5488891601562,0.8420414328575134,2114.275390625,581.0497436523438,0.9087580442428589,2219.544677734375,762.9203491210938,0.7540968060493469,2218.302490234375,757.411376953125,0.21600669622421265,2474.882080078125,740.6284790039062,0.6865233182907104,2473.50244140625,740.5035400390625,0.3724365532398224,2627.77099609375,634.3450317382812,0.7551736831665039
34,2002.468017578125,742.5476684570312,0.998070240020752,2113.556884765625,592.6319580078125,0.9486758708953857,2100.76318359375,582.7794799804688,0.905652642250061,2220.646240234375,761.3757934570312,0.8536774516105652,2292.45654296875,741.62939453125,0.4349310100078583,2353.385498046875,750.0210571289062,0.831695556640625,2349.01318359375,746.144775390625,0.09376299381256104,2612.6279296875,640.703125,0.9248708486557007
35,1987.2474365234375,738.5596923828125,0.9958107471466064,2095.68115234375,590.3201293945312,0.9645295143127441,2083.94287109375,582.0669555664062,0.7985227704048157,2221.01123046875,760.34375,0.8139996528625488,2312.666015625,746.4418334960938,0.25776559114456177,2331.377197265625,763.6163330078125,0.854408323764801,1989.397705078125,734.3639526367188,0.06849128007888794,2602.92724609375,648.1752319335938,0.7723489999771118
36,1969.6207275390625,735.1515502929688,0.9947425127029419,2072.0439453125,587.2963256835938,0.9062557220458984,2058.083984375,576.6178588867188,0.3834577202796936,2220.969482421875,757.1973266601562,0.8481142520904541,2222.025390625,747.313720703125,0.26125723123550415,2334.819091796875,769.9553833007812,0.9635294675827026,2329.967041015625,768.8132934570312,0.13354283571243286,2601.34521484375,658.2156372070312,0.8699320554733276
37,1950.6737060546875,733.42138671875,0.9882391691207886,2047.4876708984375,582.3939819335938,0.9749894738197327,2034.376220703125,572.1527099609375,0.8080146908760071,2218.9521484375,758.0060424804688,0.8504706621170044,2117.96240234375,727.5632934570312,0.5647460222244263,2335.0498046875,774.4922485351562,0.9783892631530762,2219.675537109375,758.8624877929688,0.07706856727600098,2594.8642578125,661.73583984375,0.9196776747703552
38,1929.02783203125,729.177490234375,0.9615629315376282,2032.8115234375,580.740478515625,0.9740882515907288,2017.7481689453125,572.9534301757812,0.7336574792861938,2219.590087890625,758.5169067382812,0.8194136023521423,2048.9892578125,731.9464111328125,0.3471006751060486,2337.0126953125,775.3246459960938,0.9808638691902161,2587.722900390625,657.2288208007812,0.08564966917037964,2586.401123046875,657.3595581054688,0.8985158205032349
39,1909.56494140625,726.9485473632812,0.9943304061889648,2014.32275390625,574.2149047851562,0.9579957723617554,1996.854248046875,566.516845703125,0.3548033535480499,2220.569091796875,757.7833862304688,0.8206560611724854,2215.77490234375,753.8676147460938,0.09464293718338013,2337.060791015625,775.8695678710938,0.9787582159042358,2575.11474609375,643.806396484375,0.07472515106201172,2574.882568359375,642.3768310546875,0.9449712038040161
40,1887.4925537109375,725.5556030273438,0.998163104057312,1989.2216796875,570.928466796875,0.9418405294418335,1975.362548828125,562.0625,0.6856450438499451,2219.23583984375,757.3899536132812,0.8408353328704834,2219.4873046875,755.4863891601562,0.1482759416103363,2328.883544921875,766.0947875976562,0.7763609886169434,1950.429443359375,742.2477416992188,0.3267703056335449,2560.43505859375,624.0714111328125,0.9405490159988403
41,1869.758056640625,727.0073852539062,0.9922337532043457,1981.0111083984375,576.3768310546875,0.965916633605957,1958.2100830078125,564.2999877929688,0.9319855570793152,2217.475830078125,758.5491333007812,0.8317722082138062,2217.072998046875,753.7857666015625,0.19537818431854248,2266.11181640625,741.2081909179688,0.9172458648681641,2262.835693359375,740.1592407226562,0.43344205617904663,2535.620849609375,618.903564453125,0.9401595592498779
42,1853.1583251953125,731.4849853515625,0.9723902344703674,1953.4827880859375,575.8217163085938,0.9372795820236206,1856.7845458984375,729.670166015625,0.20728453993797302,2218.986572265625,754.3538208007812,0.6911916136741638,2219.054443359375,748.2192993164062,0.2748979330062866,2266.455322265625,753.1422119140625,0.8642535209655762,2352.119873046875,751.7700805664062,0.3865314722061157,2514.501708984375,616.4321899414062,0.8847403526306152
43,1832.3289794921875,730.4554443359375,0.9795787930488586,1933.5675048828125,580.1752319335938,0.9707491397857666,1923.94580078125,571.2954711914062,0.5418730974197388,2162.102783203125,737.1527709960938,0.7242975234985352,2161.038330078125,737.3519287109375,0.6514987349510193,2256.7568359375,761.3856811523438,0.904813826084137,1969.0006103515625,748.4002075195312,0.3594827353954315,2498.58984375,616.0852661132812,0.849076509475708
44,1807.8431396484375,732.0287475585938,0.9940942525863647,1905.3446044921875,581.2864990234375,0.8928049802780151,1891.9547119140625,571.85400390625,0.5645338296890259,2068.347412109375,730.0274658203125,0.4214881658554077,2066.656982421875,730.3380126953125,0.7284289002418518,2257.347900390625,761.3938598632812,0.8450965285301208,1968.6866455078125,747.294677734375,0.552688717842102,2484.48291015625,604.8407592773438,0.96296226978302
45,1780.8380126953125,732.7598876953125,0.9941188097000122,1880.417236328125,586.5376586914062,0.8440549373626709,1869.09912109375,579.8181762695312,0.08313390612602234,2107.580810546875,720.2918701171875,0.46551865339279175,1968.8414306640625,745.5402221679688,0.7093722820281982,2258.432861328125,760.9757080078125,0.8839877843856812,2354.882080078125,746.3783569335938,0.9032377004623413,2459.71142578125,588.7975463867188,0.8342971801757812
46,1752.097900390625,732.1478881835938,0.9868289232254028,1849.094482421875,589.8269653320312,0.9498145580291748,1836.1622314453125,577.3938598632812,0.45735934376716614,1876.4930419921875,735.6159057617188,0.3746320605278015,1969.212890625,748.43115234375,0.5247350335121155,2261.158203125,759.86181640625,0.8720812797546387,2353.685302734375,741.3423461914062,0.8788331747055054,2433.189208984375,572.0450439453125,0.878812313079834
47,1724.4500732421875,731.1259765625,0.9831265807151794,1817.064208984375,588.120361328125,0.9315345883369446,1807.278564453125,576.1904907226562,0.5538234114646912,1824.8619384765625,742.674072265625,0.4058806896209717,1967.623046875,746.8568115234375,0.7451873421669006,2261.367431640625,758.4466552734375,0.9366563558578491,2257.34765625,757.8750610351562,0.4691160321235657,2399.96826171875,577.9869995117188,0.745725691318512
48,1695.141845703125,726.773681640625,0.9962784051895142,1791.423095703125,583.2109375,0.9273066520690918,1783.94482421875,575.9133911132812,0.759752631187439,1971.2794189453125,751.8782958984375,0.8004453182220459,1965.9876708984375,748.3905029296875,0.8188360333442688,2264.057373046875,756.2539672851562,0.870334267616272,2259.160400390625,756.1784057617188,0.623649001121521,2369.60498046875,591.6708374023438,0.8836442232131958
49,1673.9437255859375,728.8912963867188,0.9838253855705261,1766.751708984375,584.3829956054688,0.9460012912750244,1764.8504638671875,577.5332641601562,0.6045014262199402,1967.191650390625,750.6585693359375,0.7827163338661194,1963.7392578125,746.8057250976562,0.658311128616333,2264.893310546875,756.2781982421875,0.8511009216308594,2260.43505859375,755.648193359375,0.7017897963523865,2338.46484375,605.6334228515625,0.9703099727630615
50,1653.676513671875,737.5669555664062,0.9978828430175781,1744.583984375,592.7943115234375,0.9603683352470398,1739.8992919921875,582.0889282226562,0.7205231189727783,1959.255126953125,747.962158203125,0.763925313949585,1956.4683837890625,744.935546875,0.6892853379249573,1774.4581298828125,757.762451171875,0.7233119010925293,2261.878173828125,752.6055908203125,0.7205340266227722,2308.130615234375,617.5672607421875,0.9207329750061035
51,1637.477783203125,742.3023071289062,0.9977035522460938,1726.725341796875,590.2296752929688,0.962326169013977,1720.1600341796875,584.0296020507812,0.8497093915939331,1957.619873046875,744.6865844726562,0.8468185663223267,1956.6285400390625,743.1001586914062,0.6736043095588684,1998.87890625,749.3889770507812,0.7598215937614441,2263.531494140625,751.2252807617188,0.7414371967315674,2284.8583984375,623.8278198242188,0.8720487356185913
52,1621.875732421875,743.0008544921875,0.9967591762542725,1705.42919921875,588.9893188476562,0.8783059120178223,1701.3216552734375,582.44091796875,0.8056380748748779,1770.7237548828125,761.9843139648438,0.9162591695785522,1948.511962890625,740.1076049804688,0.8091696500778198,2269.542724609375,749.4180908203125,0.6317220330238342,2263.861328125,749.14697265625,0.8653354644775391,2266.335205078125,622.9043579101562,0.8270624876022339
53,1598.13232421875,741.8699340820312,0.9950624704360962,1692.2271728515625,591.09814453125,0.9377188682556152,1682.7166748046875,582.9598999023438,0.7467126846313477,1769.923828125,763.0923461914062,0.9294449687004089,1916.255615234375,732.8717041015625,0.6905187368392944,1772.90966796875,759.6802978515625,0.36446020007133484,2264.3212890625,745.76318359375,0.957366943359375,2251.864990234375,615.7832641601562,0.8492246866226196
54,1573.2044677734375,740.9075927734375,0.9963525533676147,1668.4825439453125,591.9105224609375,0.9397271871566772,1660.4866943359375,578.74755859375,0.6576942205429077,1770.838134765625,760.7731323242188,0.91639643907547,2021.1727294921875,748.7734985351562,0.23615732789039612,1773.6666259765625,758.3250122070312,0.33761584758758545,2261.63330078125,746.0662841796875,0.9604700803756714,2237.104736328125,606.6373901367188,0.8387113809585571
55,1548.765380859375,738.7819213867188,0.9852352142333984,1639.828125,587.9801635742188,0.71632981300354,1636.410400390625,579.943115234375,0.7432052493095398,1770.100341796875,762.200927734375,0.8725190758705139,2024.7991943359375,748.1713256835938,0.31567612290382385,1771.16552734375,762.5306396484375,0.22418612241744995,2251.322021484375,747.01220703125,0.8538084030151367,2218.716552734375,600.7283325195312,0.8600767850875854
56,1525.7205810546875,737.1519165039062,0.997444748878479,1619.48828125,589.4783325195312,0.9417839050292969,1613.174072265625,578.78271484375,0.5445107221603394,1769.5775146484375,760.3912353515625,0.8246221542358398,1775.1494140625,748.787109375,0.41181614995002747,2023.972412109375,749.5420532226562,0.23953592777252197,2022.406005859375,748.6619262695312,0.383192777633667,2198.099609375,596.1411743164062,0.9380851984024048
57,1499.6070556640625,731.694091796875,0.9835153818130493,1598.0848388671875,588.8569946289062,0.869286060333252,1587.61865234375,575.5770263671875,0.700615406036377,1768.873046875,759.84228515625,0.8902595043182373,1774.0355224609375,749.3712158203125,0.279807984828949,2023.448486328125,736.310302734375,0.9129135608673096,2021.276611328125,737.923583984375,0.5211367607116699,2172.92138671875,595.1259765625,0.937640905380249
58,1473.7640380859375,732.5482177734375,0.9910786151885986,1570.3292236328125,584.5183715820312,0.9480005502700806,1568.863525390625,572.2030029296875,0.6081784963607788,1769.161376953125,760.5643920898438,0.9328455328941345,1578.62841796875,750.08544921875,0.28234153985977173,1901.986572265625,738.0523681640625,0.7070629000663757,1899.922607421875,737.2615966796875,0.8806917667388916,2149.927734375,597.1112670898438,0.9438474178314209
59,1449.1219482421875,734.6478881835938,0.9855140447616577,1544.7445068359375,587.285888671875,0.7585517168045044,1541.6680908203125,580.2979125976562,0.6923797726631165,1768.749267578125,757.7745971679688,0.8802427649497986,1574.9385986328125,751.8055419921875,0.42230117321014404,1840.8834228515625,745.26904296875,0.9311106204986572,2009.99755859375,748.0296630859375,0.734525740146637,2120.345703125,597.3539428710938,0.8802084922790527
60,1422.6573486328125,731.45458984375,0.9895074963569641,1519.3038330078125,584.06787109375,0.9628176093101501,1515.351318359375,574.9415893554688,0.5335180163383484,1766.1116943359375,755.2863159179688,0.8986888527870178,1574.9310302734375,751.3854370117188,0.7397772073745728,1824.4940185546875,761.115478515625,0.9510740041732788,2007.709228515625,746.9542236328125,0.8214555978775024,2089.74951171875,602.8485717773438,0.7571085691452026
61,1393.737060546875,734.97216796875,0.9965286254882812,1485.1253662109375,582.98681640625,0.9056041240692139,1481.1878662109375,573.3526611328125,0.3443452715873718,1713.0443115234375,730.721435546875,0.6961291432380676,1571.294677734375,751.4551391601562,0.8941184282302856,1816.1007080078125,768.226806640625,0.9523396492004395,2005.4688720703125,746.2931518554688,0.8935999274253845,2065.974365234375,604.1549682617188,0.9400553703308105
62,1366.995361328125,736.3175048828125,0.9903751611709595,1450.5069580078125,586.3675537109375,0.8964353799819946,1449.4698486328125,580.6690673828125,0.33070075511932373,1582.0872802734375,747.7897338867188,0.6190772652626038,1577.680908203125,744.5945434570312,0.8521981239318848,1814.5499267578125,769.6005859375,0.9475129842758179,2006.88818359375,742.7438354492188,0.9288977384567261,2041.257080078125,598.8187866210938,0.893094539642334
63,1340.319091796875,735.60595703125,0.9907302856445312,1429.0140380859375,589.8185424804688,0.9093817472457886,1345.10888671875,730.9432373046875,0.19002681970596313,1582.614013671875,751.9188232421875,0.6263193488121033,1577.0782470703125,749.7947387695312,0.85624098777771,1815.638671875,770.26318359375,0.9394059181213379,1994.876953125,741.9458618164062,0.6876134872436523,2020.1248779296875,594.3721923828125,0.9736756086349487
64,1319.8153076171875,732.6467895507812,0.9945417642593384,1409.4197998046875,590.4934692382812,0.7672868967056274,1402.26708984375,581.014404296875,0.11312443017959595,1582.4447021484375,751.8011474609375,0.7416238784790039,1577.85546875,749.1488037109375,0.8512195348739624,1814.7564697265625,771.5977172851562,0.9242596626281738,1812.5047607421875,771.661865234375,0.4821932911872864,1996.0999755859375,599.333984375,0.9447932243347168
65,1298.5994873046875,732.6209106445312,0.9982151389122009,1384.0443115234375,590.962646484375,0.9486179351806641,1376.230224609375,580.3631591796875,0.15808722376823425,1385.3671875,756.1260986328125,0.7089189291000366,1574.657958984375,750.220458984375,0.932367742061615,1816.1265869140625,771.6581420898438,0.9376927018165588,1813.0081787109375,771.2459106445312,0.6002307534217834,1969.4251708984375,608.0780029296875,0.9641848206520081
66,1279.3614501953125,738.7615966796875,0.997382402420044,1363.15576171875,592.597412109375,0.9840106964111328,1357.352783203125,581.7706298828125,0.440062016248703,1382.1556396484375,768.9049072265625,0.8881731033325195,1573.217041015625,750.2852783203125,0.8989452123641968,1816.259033203125,772.7125244140625,0.9585733413696289,1813.64013671875,771.9149780273438,0.4070543646812439,1945.660400390625,617.0452270507812,0.9285255670547485
67,1262.844482421875,743.7865600585938,0.9982597827911377,1347.83203125,597.9896240234375,0.9813777208328247,1360.309814453125,579.8189697265625,0.1507253348827362,1380.405517578125,770.1622924804688,0.9097668528556824,1567.675048828125,749.2313232421875,0.8999513387680054,1818.374267578125,771.941650390625,0.9508365392684937,1654.1270751953125,747.4306030273438,0.9537361860275269,1920.1182861328125,622.6519775390625,0.9468445777893066
68,1251.025390625,739.736328125,0.99900221824646,1332.09765625,592.2241821289062,0.9748836159706116,1322.290771484375,580.9353637695312,0.4879092574119568,1379.6201171875,770.8118896484375,0.9199122190475464,1561.463134765625,750.932373046875,0.8796213865280151,1819.362548828125,771.90283203125,0.9055789709091187,1814.775390625,770.5013427734375,0.4161206781864166,1900.1129150390625,625.0578002929688,0.9472358226776123
69,1234.4739990234375,735.2963256835938,0.9980626106262207,1311.392822265625,589.62548828125,0.9645682573318481,1307.9248046875,581.114501953125,0.39373353123664856,1380.1060791015625,769.7515258789062,0.9371998310089111,1556.513671875,747.4473266601562,0.8979325294494629,1821.1358642578125,769.5469970703125,0.9065873622894287,1651.5467529296875,749.5799560546875,0.383533239364624,1881.9866943359375,627.480224609375,0.9552744626998901
70,1214.6195068359375,736.1196899414062,0.9960206747055054,1286.6142578125,583.6211547851562,0.9636102318763733,1282.9764404296875,579.1560668945312,0.4673435091972351,1380.80029296875,768.8577270507812,0.9091828465461731,1521.06982421875,732.0887451171875,0.8561269044876099,1822.9412841796875,768.6500854492188,0.8745204210281372,1650.091796875,750.08447265625,0.5389961004257202,1866.206787109375,627.3421630859375,0.9557607173919678
71,1194.5711669921875,740.5958251953125,0.9968141317367554,1271.09228515625,590.467529296875,0.9672520160675049,1265.4014892578125,580.8250122070312,0.2145603597164154,1381.9444580078125,765.20556640625,0.9138386845588684,1382.2703857421875,758.3717041015625,0.3542168140411377,1826.00341796875,767.400634765625,0.7565412521362305,1651.34619140625,752.01416015625,0.5966641306877136,1854.5001220703125,622.0177612304688,0.8999825716018677
72,1171.42333984375,742.7901611328125,0.9991735219955444,1263.3372802734375,592.1210327148438,0.937126100063324,1253.4697265625,583.3643188476562,0.11642599105834961,1384.2498779296875,763.5470581054688,0.8262489438056946,1297.6761474609375,745.4520263671875,0.3105781674385071,1826.0797119140625,765.2219848632812,0.6566948294639587,1820.541015625,765.9921875,0.7085772752761841,1841.79638671875,616.1187744140625,0.9360285401344299
73,1155.3958740234375,745.034912109375,0.9988652467727661,1244.6439208984375,594.2283935546875,0.9562557339668274,1235.6480712890625,585.1600341796875,0.46662431955337524,1382.5758056640625,766.192626953125,0.8265595436096191,1302.3153076171875,755.3566284179688,0.506458580493927,1655.8455810546875,750.6870727539062,0.4681340754032135,1823.19189453125,757.23046875,0.9482530951499939,1822.244873046875,606.1847534179688,0.9682953357696533
74,1137.3250732421875,745.0899047851562,0.9983217716217041,1233.038330078125,598.6160888671875,0.985720694065094,1221.603271484375,587.563720703125,0.19956451654434204,1382.499755859375,769.3284301757812,0.8873150944709778,1298.20556640625,754.2498779296875,0.7460764050483704,1652.95654296875,751.1276245117188,0.4772615134716034,1650.49658203125,750.8954467773438,0.48112988471984863,1806.82080078125,609.2481689453125,0.9552326202392578
75,1122.5692138671875,742.7982788085938,0.9983646869659424,1221.2117919921875,599.3907470703125,0.9784979820251465,158.8909454345703,2.851940155029297,0.11888450384140015,1383.89794921875,768.5535888671875,0.7522189617156982,1297.919189453125,754.66015625,0.796453595161438,1385.0213623046875,768.2376098632812,0.43070414662361145,1555.4873046875,736.7977294921875,0.8945289850234985,1782.9156494140625,620.8676147460938,0.9776766896247864
76,1104.688232421875,739.5572509765625,0.9981491565704346,1201.7471923828125,598.9969482421875,0.9630379676818848,164.86163330078125,2.456287384033203,0.11200964450836182,1384.7919921875,766.6718139648438,0.8513376116752625,1299.0501708984375,753.3218994140625,0.9675554037094116,1474.1556396484375,756.7466430664062,0.8287621736526489,1649.8045654296875,751.8397827148438,0.5421569347381592,1758.056884765625,628.7002563476562,0.943621814250946
77,1082.861083984375,734.9547119140625,0.9965900182723999,1182.763427734375,599.6236572265625,0.9623500108718872,1177.9599609375,591.2698974609375,0.27176401019096375,1384.1759033203125,765.5343627929688,0.8645653128623962,1300.5430908203125,751.3208618164062,0.9589614868164062,1450.5670166015625,763.3985595703125,0.8834083080291748,1646.94970703125,750.6334838867188,0.6821914911270142,1736.9322509765625,635.37255859375,0.941425085067749
78,1067.6820068359375,741.6396484375,0.996036171913147,1158.2120361328125,599.8992309570312,0.9761052131652832,1154.2420654296875,593.684814453125,0.23212161660194397,1384.4093017578125,764.974365234375,0.8764822483062744,1303.1392822265625,750.206298828125,0.9530854225158691,1454.6787109375,766.8702392578125,0.9253884553909302,1640.3126220703125,748.30224609375,0.7239210605621338,1711.520263671875,639.2406005859375,0.9275937080383301
79,1052.4102783203125,744.521728515625,0.9956401586532593,1144.7325439453125,601.5379028320312,0.9676363468170166,1056.4625244140625,743.9962768554688,0.20117375254631042,1381.728515625,766.1849975585938,0.9139946699142456,1302.9111328125,749.7806396484375,0.9269304275512695,1455.36474609375,770.5562133789062,0.9180922508239746,1620.7630615234375,746.2625732421875,0.5281713604927063,1694.7117919921875,640.3522338867188,0.9839705228805542
80,1035.5455322265625,744.6597290039062,0.995582103729248,1126.2135009765625,600.6835327148438,0.9747753143310547,1040.4072265625,744.046142578125,0.17865970730781555,1306.5858154296875,745.9072875976562,0.6203702688217163,1304.74072265625,745.1013793945312,0.8542637228965759,1451.2703857421875,775.4497680664062,0.9353667497634888,1537.1690673828125,752.524658203125,0.37556886672973633,1679.090576171875,641.5818481445312,0.9760672450065613
81,1021.2583618164062,742.5521850585938,0.9954053163528442,1101.409912109375,597.8594970703125,0.9778057336807251,1097.7196044921875,590.113525390625,0.19018855690956116,1310.8399658203125,754.39990234375,0.7897104024887085,1301.40673828125,751.0902099609375,0.9585360288619995,1453.2747802734375,772.44189453125,0.9130903482437134,1178.518310546875,726.29736328125,0.2133631706237793,1670.428466796875,646.5472412109375,0.9817837476730347
82,1004.2868041992188,733.8749389648438,0.9926673769950867,1076.2410888671875,588.978515625,0.9193456172943115,1074.630859375,579.476318359375,0.6877023577690125,1307.579345703125,750.1848754882812,0.725757896900177,1300.791259765625,748.4934692382812,0.9371936917304993,1451.30908203125,772.53125,0.9603703022003174,1426.1072998046875,756.4951171875,0.3415718972682953,1659.6300048828125,654.19921875,0.9605810046195984
83,985.98779296875,730.5510864257812,0.9915233850479126,1064.5504150390625,592.5767211914062,0.8175494074821472,1096.4530029296875,573.0701904296875,0.3408747613430023,1307.41162109375,750.0054931640625,0.7122259736061096,1303.1356201171875,748.8017578125,0.8856074213981628,1453.6773681640625,774.737548828125,0.9623892903327942,1389.8785400390625,753.4957275390625,0.44033390283584595,1647.91943359375,656.7691650390625,0.9906935691833496
84,968.0905151367188,728.6170654296875,0.995254397392273,1041.3612060546875,586.2710571289062,0.9293537735939026,1038.13134765625,578.5897827148438,0.34463149309158325,1299.66015625,750.7908935546875,0.6831740736961365,1299.722900390625,748.7625122070312,0.8009217977523804,1455.3126220703125,777.4022216796875,0.8979658484458923,1368.9476318359375,748.9268188476562,0.8982127904891968,1637.55029296875,654.166015625,0.9920821189880371
85,955.6571655273438,730.71484375,0.9933861494064331,1026.023681640625,593.1026000976562,0.968062162399292,1070.043701171875,571.8419799804688,0.4640991985797882,1033.659912109375,766.6909790039062,0.768963098526001,1298.712158203125,750.1885375976562,0.7290197610855103,1456.081787109375,775.923583984375,0.9492850303649902,1328.5364990234375,748.2809448242188,0.411471962928772,1612.551025390625,649.5771484375,0.9344594478607178
86,946.0548706054688,735.119384765625,0.9988735318183899,1011.07763671875,592.0877075195312,0.9487120509147644,1056.9744873046875,570.825439453125,0.37648338079452515,1032.4661865234375,768.7033081054688,0.857498049736023,1288.1846923828125,751.4841918945312,0.8932787179946899,1458.08154296875,775.2289428710938,0.9719526767730713,1325.079833984375,753.4691772460938,0.2480219304561615,1594.384033203125,645.4338989257812,0.9694511890411377
87,931.0122680664062,733.0053100585938,0.9981759190559387,996.947021484375,588.8441162109375,0.9521642327308655,1042.120849609375,567.0050048828125,0.405604749917984,1037.228271484375,766.2422485351562,0.7012689113616943,1252.101318359375,742.0231323242188,0.50628262758255,1458.9989013671875,774.4319458007812,0.9756888151168823,1453.2025146484375,773.7911376953125,0.2982167601585388,1577.60888671875,647.9063720703125,0.9231446981430054
88,912.959228515625,732.1817016601562,0.998744785785675,978.5755615234375,584.53173828125,0.9709820747375488,974.7373657226562,578.3753662109375,0.3268582224845886,1035.427734375,766.93701171875,0.8175439834594727,1168.8348388671875,725.1767578125,0.5424988269805908,1459.3721923828125,774.722412109375,0.9350150227546692,1455.9117431640625,773.54931640625,0.3419751226902008,1569.2808837890625,649.235107421875,0.9440251588821411
89,893.3771362304688,734.0369873046875,0.9917974472045898,967.1090698242188,584.4551391601562,0.9624929428100586,963.668212890625,578.6484985351562,0.304080605506897,1035.5975341796875,767.038818359375,0.8755487203598022,1033.0537109375,762.6112060546875,0.21776103973388672,1460.4210205078125,775.4967651367188,0.9308195114135742,1339.8292236328125,752.0784301757812,0.3251526355743408,1558.9056396484375,647.907958984375,0.929808497428894
90,872.7743530273438,737.1163330078125,0.9957941770553589,949.25537109375,582.5025024414062,0.94817054271698,945.0557861328125,577.3212280273438,0.40706026554107666,1034.34375,766.9862060546875,0.9481377601623535,1032.6915283203125,759.8401489257812,0.3168388605117798,1462.1026611328125,772.6223754882812,0.8584789037704468,1458.7513427734375,771.1953125,0.5481163263320923,1549.0496826171875,640.9575805664062,0.9757095575332642
91,849.541748046875,736.9154663085938,0.9936650991439819,929.3002319335938,582.0651245117188,0.9725486040115356,925.7237548828125,576.826416015625,0.4420017600059509,1038.6119384765625,765.2762451171875,0.8797063827514648,983.5626220703125,738.2991943359375,0.6442039012908936,1464.726806640625,770.06689453125,0.7941031455993652,1343.1473388671875,754.167724609375,0.4819033145904541,1532.4957275390625,630.177001953125,0.9648465514183044
92,821.5016479492188,733.7625122070312,0.9911582469940186,907.0802612304688,582.5062255859375,0.8708722591400146,899.751708984375,576.7457275390625,0.33330321311950684,1040.3062744140625,764.979736328125,0.838494062423706,950.4698486328125,742.3214721679688,0.25118356943130493,1460.9395751953125,765.4468383789062,0.661716639995575,1342.14404296875,753.8894653320312,0.7307760715484619,1512.3388671875,617.132568359375,0.961211621761322
93,799.5177612304688,734.1235961914062,0.9934201240539551,882.9920043945312,586.1546020507812,0.9743337035179138,876.0122680664062,579.09716796875,0.6050203442573547,1037.40283203125,763.5104370117188,0.8169546127319336,1038.7138671875,757.3199462890625,0.5849552154541016,1336.0169677734375,753.446044921875,0.5007358193397522,1334.36767578125,754.5719604492188,0.407076358795166,1491.9176025390625,615.1619262695312,0.9732069373130798
94,779.736572265625,741.1854858398438,0.9966320395469666,861.3264770507812,594.3221435546875,0.9617613554000854,853.7974853515625,586.240966796875,0.31356534361839294,1037.6864013671875,764.50634765625,0.8121235370635986,926.7842407226562,755.0171508789062,0.6985467076301575,1263.787353515625,731.4260864257812,0.66527259349823,1342.400634765625,751.0606689453125,0.6816190481185913,1466.75537109375,615.3928833007812,0.9590919017791748
95,761.4612426757812,749.8502197265625,0.9924781322479248,837.22998046875,596.5841674804688,0.9639352560043335,831.1666259765625,591.2357788085938,0.47838884592056274,1035.88623046875,763.1199951171875,0.8204405903816223,921.0213012695312,756.8336791992188,0.6821488738059998,1344.17822265625,750.8137817382812,0.6496140956878662,1339.2618408203125,750.46533203125,0.7864707112312317,1433.7232666015625,621.9210815429688,0.9256577491760254
96,741.8508911132812,745.7977905273438,0.9949702024459839,818.7305908203125,599.4617309570312,0.9902080297470093,813.5817260742188,592.7681884765625,0.2868121564388275,1035.554931640625,763.3460693359375,0.8550071716308594,923.046630859375,753.9874267578125,0.8717244863510132,1112.6263427734375,761.2393798828125,0.8201614022254944,1338.6419677734375,749.1321411132812,0.8932231068611145,1412.098876953125,628.242919921875,0.9866384267807007
97,721.3130493164062,743.9285888671875,0.9897873401641846,805.8531494140625,601.126708984375,0.9782614707946777,799.2113647460938,592.2719116210938,0.23778888583183289,1034.22802734375,764.6583862304688,0.8203302621841431,922.8886108398438,753.4282836914062,0.8390984535217285,1104.718505859375,762.4337768554688,0.9184085130691528,1335.167236328125,747.893798828125,0.9232980608940125,1387.5360107421875,632.0823974609375,0.909815788269043
98,700.23876953125,744.7257080078125,0.8770606517791748,791.6251220703125,595.674560546875,0.9833916425704956,784.9755859375,589.0193481445312,0.3313821852207184,1033.4268798828125,763.0501708984375,0.8585277795791626,924.393798828125,754.6229248046875,0.8478316068649292,1105.52685546875,763.713134765625,0.9537782669067383,1334.2327880859375,744.7470703125,0.9712205529212952,1370.9322509765625,625.3255615234375,0.9644954800605774
99,682.7952270507812,745.9736938476562,0.9435344934463501,776.7265014648438,596.4093627929688,0.9810406565666199,767.9834594726562,583.7777709960938,0.39128702878952026,1015.3359985351562,745.6376953125,0.8097929954528809,925.93896484375,753.3078002929688,0.8302915096282959,1104.939453125,767.029052734375,0.9222840070724487,1334.6878662109375,745.0809936523438,0.957038164138794,1358.2646484375,618.3275756835938,0.8678038716316223
100,668.4608154296875,747.8720703125,0.9583446979522705,746.113037109375,595.2581787109375,0.9590136408805847,738.14599609375,581.8565673828125,0.36026304960250854,926.5088500976562,752.5877075195312,0.4773813486099243,924.214599609375,749.4586791992188,0.816317081451416,1103.87158203125,768.3858032226562,0.9097667932510376,1331.006103515625,746.6842041015625,0.8568743467330933,1350.23681640625,615.3944702148438,0.9559685587882996
101,652.0299072265625,747.2623291015625,0.9254915714263916,731.002197265625,595.0560302734375,0.9843045473098755,724.3134765625,581.1102294921875,0.17063909769058228,806.8792114257812,754.8751831054688,0.7657937407493591,924.983154296875,752.9948120117188,0.7984135150909424,1102.207275390625,768.7411499023438,0.86411452293396,1321.5546875,743.390869140625,0.8156332969665527,1337.5616455078125,620.6421508789062,0.9612624645233154
102,634.478759765625,747.0200805664062,0.9263173341751099,719.475341796875,593.8848266601562,0.993918776512146,708.44384765625,582.5401000976562,0.35723066329956055,773.16259765625,769.6887817382812,0.8530785441398621,922.678955078125,753.2083740234375,0.9028137922286987,1100.5389404296875,768.2949829101562,0.8323385715484619,1097.226318359375,769.3642578125,0.43280157446861267,1332.820068359375,630.1177978515625,0.9950793981552124
103,621.34521484375,752.38525390625,0.9899470806121826,707.39892578125,595.4759521484375,0.9970129132270813,694.65478515625,584.46044921875,0.24568521976470947,927.4786376953125,755.75,0.8481094837188721,921.1587524414062,752.6472778320312,0.8548007011413574,1101.9979248046875,768.0750122070312,0.8791669607162476,1097.6317138671875,768.7822265625,0.34101492166519165,1321.868896484375,643.374267578125,0.9892585277557373
104,615.5244750976562,756.1607055664062,0.9678937196731567,692.0302734375,595.0204467773438,0.9924730062484741,681.2603759765625,585.6887817382812,0.4485488831996918,769.5758056640625,781.467529296875,0.9131135940551758,919.9658203125,753.0333862304688,0.8421508073806763,1098.8365478515625,761.9402465820312,0.6806967258453369,1094.25341796875,762.0202026367188,0.7692203521728516,1311.616943359375,651.218017578125,0.9827408194541931
105,603.1762084960938,755.724853515625,0.9596058130264282,688.2954711914062,597.8986206054688,0.988834023475647,674.259765625,586.2664184570312,0.21128371357917786,769.2111206054688,779.6641235351562,0.8633687496185303,920.6592407226562,753.5714721679688,0.6852309703826904,1102.9844970703125,766.0408935546875,0.894022524356842,1037.3763427734375,757.5089111328125,0.7202991247177124,1295.803955078125,661.1010131835938,0.9819433689117432
106,592.4689331054688,747.4922485351562,0.9596647024154663,674.7162475585938,592.57763671875,0.9932855367660522,662.6090087890625,581.1654052734375,0.2070906162261963,768.91015625,780.5974731445312,0.8672157526016235,919.2142944335938,752.8075561523438,0.7014020681381226,1103.171142578125,765.3676147460938,0.9445446729660034,1056.0701904296875,754.5521240234375,0.2902500629425049,1283.9794921875,666.5416259765625,0.986888587474823
107,578.3427124023438,744.5282592773438,0.9835442304611206,664.1244506835938,591.9330444335938,0.985222578048706,657.5626831054688,579.9053955078125,0.09696310758590698,769.0043334960938,781.2363891601562,0.8952507972717285,918.1917724609375,751.8529663085938,0.6723889112472534,1104.16845703125,766.09423828125,0.9584705829620361,1038.154541015625,754.91015625,0.2193712294101715,1270.7138671875,668.81298828125,0.9811708331108093
108,568.793701171875,744.66259765625,0.9600368738174438,659.7505493164062,589.9661865234375,0.9878133535385132,647.411865234375,580.4815673828125,0.22862768173217773,767.903564453125,782.0902099609375,0.9175349473953247,918.3782958984375,749.665283203125,0.7872761487960815,1105.5909423828125,764.421142578125,0.9591158628463745,1100.450439453125,765.9736328125,0.22721078991889954,1262.3349609375,673.3405151367188,0.966941237449646
109,565.109130859375,747.5874633789062,0.9920432567596436,646.517333984375,590.6119995117188,0.9763710498809814,636.4243774414062,578.3502197265625,0.19566014409065247,768.0314331054688,781.685302734375,0.9290569424629211,914.2186889648438,748.6751708984375,0.8351961374282837,1104.791259765625,765.2781982421875,0.9492669105529785,1099.628662109375,766.822509765625,0.33973801136016846,1253.9122314453125,674.9507446289062,0.980183482170105
110,554.8294067382812,740.6437377929688,0.9888229370117188,635.3921508789062,586.8017578125,0.9690172076225281,626.6099853515625,577.0990600585938,0.26839888095855713,768.7836303710938,780.0092163085938,0.914923906326294,913.3261108398438,751.018310546875,0.9134122133255005,1104.3011474609375,765.1450805664062,0.957555890083313,1098.8543701171875,766.7550659179688,0.23332321643829346,1243.4984130859375,675.9591674804688,0.9816083908081055
111,551.4014282226562,739.8939819335938,0.9898644685745239,627.1826782226562,584.7283935546875,0.9831594228744507,619.8536376953125,575.794189453125,0.18687090277671814,769.4180908203125,778.36962890625,0.9258604049682617,913.5348510742188,751.1292114257812,0.8687745928764343,1105.3128662109375,765.4212036132812,0.9606935977935791,1021.9356689453125,755.13330078125,0.20590659976005554,1236.8436279296875,671.4490966796875,0.9813188314437866
112,547.7913818359375,735.8497314453125,0.9944469928741455,624.0948486328125,588.5038452148438,0.9675788283348083,615.0054321289062,578.2333984375,0.12680646777153015,767.6984252929688,781.0213012695312,0.9174009561538696,912.1482543945312,749.6396484375,0.8658473491668701,1106.18212890625,765.5275268554688,0.9631403684616089,1102.770751953125,766.0542602539062,0.31696268916130066,1231.9669189453125,664.4658813476562,0.9779306650161743
113,545.4276733398438,734.871826171875,0.9959800839424133,616.0250854492188,587.3291015625,0.9556388854980469,654.5740966796875,570.1932983398438,0.34121301770210266,768.3681640625,778.5255126953125,0.916528582572937,911.5464477539062,750.5626831054688,0.8211096525192261,1105.874267578125,765.049560546875,0.9485968351364136,1102.6639404296875,765.5313720703125,0.38768470287323,1227.6656494140625,659.4658203125,0.9813342690467834
114,546.0076904296875,733.8270874023438,0.992275595664978,612.9998168945312,586.3324584960938,0.9808191061019897,652.5554809570312,567.2561645507812,0.6228128671646118,768.1063842773438,779.7915649414062,0.9155564904212952,909.0244750976562,748.127197265625,0.8226367235183716,1106.1959228515625,765.9370727539062,0.9443693161010742,1102.6566162109375,765.851806640625,0.33600282669067383,1224.2041015625,656.9889526367188,0.9775331020355225
115,554.4656372070312,734.0407104492188,0.9646743535995483,612.6740112304688,586.0791625976562,0.9844924211502075,651.1532592773438,563.9656982421875,0.8125535249710083,768.3065185546875,781.2215576171875,0.9226175546646118,903.5354614257812,749.1707153320312,0.7804219722747803,1102.802734375,767.8193359375,0.9372313022613525,1097.2581787109375,768.3953247070312,0.4621984660625458,1220.4967041015625,660.2545776367188,0.9919397830963135
116,565.90869140625,734.579345703125,0.9812000393867493,619.1134033203125,583.5289306640625,0.9645946025848389,654.1415405273438,560.1026611328125,0.6381068229675293,767.8634643554688,781.871337890625,0.939639151096344,899.91943359375,747.9514770507812,0.9252867102622986,1101.086181640625,771.2518920898438,0.902052104473114,1095.70556640625,770.3070068359375,0.6650145053863525,1225.412109375,662.7996215820312,0.9743881225585938
117,573.694091796875,737.224609375,0.9931116104125977,621.7055053710938,580.8206787109375,0.9864177703857422,617.4791870117188,572.6414794921875,0.21618351340293884,768.6559448242188,780.5321655273438,0.9257816672325134,888.9098510742188,748.0550537109375,0.586214542388916,1099.5540771484375,772.5167846679688,0.8672682642936707,1096.2010498046875,770.836669921875,0.6331272125244141,1227.8912353515625,667.279052734375,0.9566329717636108
118,577.9857788085938,737.3158569335938,0.997319757938385,617.9068603515625,580.909912109375,0.9700413942337036,613.0081787109375,574.0842895507812,0.1541513204574585,768.1959838867188,780.7088623046875,0.9324744939804077,766.7411499023438,775.115966796875,0.2482132911682129,1100.5467529296875,772.1841430664062,0.9068465232849121,1095.565185546875,771.6889038085938,0.45808902382850647,1230.1903076171875,668.516357421875,0.97931307554245
119,579.6389770507812,734.3641357421875,0.9916738271713257,613.3192749023438,580.9578857421875,0.983074426651001,649.2485961914062,559.9447021484375,0.3787696361541748,768.1796264648438,779.5078125,0.906630277633667,766.7093505859375,773.5206298828125,0.2279844880104065,1101.5631103515625,771.246337890625,0.8729164004325867,1096.2646484375,771.5103759765625,0.5903370380401611,1228.8016357421875,663.175537109375,0.9539086818695068
120,577.2073974609375,737.6060180664062,0.9892104268074036,609.0938720703125,584.9552001953125,0.9586633443832397,652.4512329101562,562.3311767578125,0.5972892642021179,769.009033203125,779.4347534179688,0.9143568873405457,715.4026489257812,726.598388671875,0.6288921236991882,1100.9268798828125,772.6099853515625,0.8328681588172913,1096.343017578125,771.62646484375,0.5888181328773499,1228.2110595703125,661.2640380859375,0.9649050831794739
121,568.3421020507812,735.9407348632812,0.9695817232131958,599.7619018554688,589.0300903320312,0.9138470888137817,653.8606567382812,568.4306640625,0.6345816254615784,769.942138671875,778.8182983398438,0.9242008924484253,691.9640502929688,733.518798828125,0.5785994529724121,1102.62890625,772.2025756835938,0.9282914400100708,1097.558837890625,772.0369873046875,0.5391179919242859,1224.0283203125,656.3258666992188,0.9833012819290161
122,555.72802734375,740.7886962890625,0.9457005262374878,588.2719116210938,593.5089721679688,0.963248610496521,642.0242309570312,571.5308227539062,0.7048169374465942,769.6343383789062,779.412109375,0.909835696220398,767.9166259765625,768.5081787109375,0.22338071465492249,1104.887451171875,772.009521484375,0.809867262840271,1099.025390625,771.593505859375,0.5698331594467163,1215.3707275390625,645.2545166015625,0.9872294664382935
123,540.56396484375,742.317626953125,0.9428553581237793,578.6393432617188,594.1613159179688,0.9873896837234497,635.2955322265625,576.1788330078125,0.7892508506774902,769.8727416992188,779.0822143554688,0.8950746059417725,663.748291015625,747.3414916992188,0.7520205974578857,1105.79736328125,772.1654052734375,0.9133129715919495,1099.614501953125,771.5473022460938,0.41292575001716614,1203.5567626953125,635.8724365234375,0.9899029731750488
124,530.6713256835938,747.771240234375,0.9822390675544739,570.3610229492188,600.1366577148438,0.8633955121040344,626.4810180664062,581.2180786132812,0.8333680629730225,769.7515869140625,779.325439453125,0.8984969854354858,660.5804443359375,751.0830078125,0.7840815782546997,1096.9183349609375,774.652099609375,0.6983349919319153,1094.7584228515625,775.9689331054688,0.3220154047012329,1186.009521484375,625.5350952148438,0.9866215586662292
125,515.6273193359375,745.6372680664062,0.9687565565109253,560.1591186523438,599.6755981445312,0.9700889587402344,617.4375,582.466552734375,0.7738263010978699,769.4190673828125,776.402099609375,0.8998039960861206,649.9260864257812,755.0685424804688,0.6718572378158569,651.7327880859375,753.7325439453125,0.14487507939338684,651.75537109375,754.5684814453125,0.25949156284332275,1173.0355224609375,621.3375854492188,0.9685907959938049
126,500.0037841796875,744.6669921875,0.9610202312469482,549.2606811523438,600.0874633789062,0.9397486448287964,603.9732666015625,583.5968017578125,0.4444047510623932,769.4633178710938,774.8215942382812,0.9315522909164429,650.2618408203125,758.0660400390625,0.612825334072113,932.2606201171875,744.9541625976562,0.8509002923965454,929.8779907226562,743.9359130859375,0.398375540971756,1157.251708984375,618.170654296875,0.9752136468887329
127,487.9055480957031,745.98583984375,0.9886678457260132,534.4061889648438,597.9749755859375,0.9057040810585022,590.3909912109375,582.9153442382812,0.7592231035232544,768.4893188476562,774.2645263671875,0.8503020405769348,650.3759155273438,758.2769165039062,0.6590647101402283,969.067626953125,756.9705200195312,0.6748870015144348,859.2224731445312,744.4620361328125,0.28121960163116455,1142.6788330078125,616.8098754882812,0.9731202125549316
128,474.79833984375,747.5771484375,0.9545934200286865,521.4755249023438,596.8558349609375,0.9240779876708984,577.6441040039062,580.8297729492188,0.4770931303501129,771.3380737304688,770.5459594726562,0.6360565423965454,651.1333618164062,757.2638549804688,0.6436475515365601,818.7631225585938,759.2640991210938,0.9017874002456665,967.1357421875,757.0833129882812,0.43011122941970825,1130.693603515625,621.8428344726562,0.8784675598144531
129,455.1756896972656,744.9507446289062,0.9281157851219177,505.9672546386719,593.164306640625,0.9357313513755798,501.6107177734375,583.4839477539062,0.508701741695404,658.1303100585938,757.6118774414062,0.759221076965332,654.4829711914062,754.212646484375,0.7106103897094727,827.3867797851562,767.0629272460938,0.8586182594299316,964.80419921875,757.8097534179688,0.3534941077232361,1114.5579833984375,626.2401123046875,0.9679417610168457
130,431.3563537597656,742.75146484375,0.9927431344985962,485.5343017578125,594.0230102539062,0.9312013387680054,481.68280029296875,588.107421875,0.412002295255661,665.2239379882812,753.6423950195312,0.7910064458847046,660.6240234375,749.4376220703125,0.9457642436027527,822.0693969726562,773.0488891601562,0.8771345615386963,819.3569946289062,773.9564208984375,0.4970937669277191,1110.15478515625,626.7714233398438,0.979730486869812
131,414.7395324707031,748.6280517578125,0.984169602394104,464.7554931640625,599.7049560546875,0.873989999294281,464.08343505859375,597.1842651367188,0.4042357802391052,658.2396240234375,758.0233764648438,0.7776223421096802,651.782958984375,754.8208618164062,0.6730715036392212,822.5828247070312,772.7312622070312,0.8307250738143921,819.0607299804688,772.8157348632812,0.5712928175926208,1093.194580078125,623.4957885742188,0.9889997243881226
132,396.3058166503906,753.54931640625,0.9786021113395691,442.04937744140625,601.3692626953125,0.7950724959373474,442.27264404296875,598.10107421875,0.3290192484855652,656.462890625,759.21630859375,0.8031575679779053,648.0341796875,756.562255859375,0.8408526182174683,823.7889404296875,772.2970581054688,0.7831970453262329,971.5548706054688,754.0584716796875,0.8900314569473267,1075.748291015625,615.6994018554688,0.9874756336212158
133,380.04937744140625,758.508544921875,0.9651492834091187,417.62750244140625,599.6277465820312,0.8735101222991943,418.0229797363281,597.822021484375,0.304561972618103,655.4133911132812,759.5075073242188,0.7249813079833984,650.2957153320312,757.0836181640625,0.8100000619888306,824.3681640625,771.1049194335938,0.8008832931518555,972.9737548828125,749.520263671875,0.8475095629692078,1055.14501953125,608.647216796875,0.9909424781799316
134,353.8406066894531,751.2240600585938,0.9822715520858765,398.5362854003906,600.2764892578125,0.824150562286377,398.658935546875,598.5744018554688,0.18702799081802368,654.2719116210938,758.9144897460938,0.7782884836196899,648.996826171875,756.0472412109375,0.7203177809715271,825.5361938476562,771.0536499023438,0.7821284532546997,966.8997192382812,747.0300903320312,0.8799576759338379,1031.4930419921875,611.1173095703125,0.9925718903541565
135,330.05712890625,746.5383911132812,0.9809281826019287,378.72869873046875,596.47119140625,0.893302857875824,376.7443542480469,592.310791015625,0.16873443126678467,653.1752319335938,757.0476684570312,0.7692826986312866,649.4871215820312,755.2655029296875,0.682859480381012,828.288818359375,769.848876953125,0.8929125070571899,822.0255126953125,770.8238525390625,0.7520251274108887,1012.7266845703125,618.414794921875,0.9867688417434692
136,306.18975830078125,740.2191772460938,0.9971849918365479,361.5528869628906,598.6935424804688,0.8034217357635498,362.660400390625,594.3611450195312,0.2474890649318695,650.5047607421875,758.7937622070312,0.8085317611694336,649.1025390625,757.1517333984375,0.5804235339164734,827.3558349609375,769.6138305664062,0.8900388479232788,822.903564453125,770.7159423828125,0.8038946390151978,997.6181030273438,626.8732299804688,0.9961580038070679
137,286.56744384765625,743.9334106445312,0.9972864985466003,338.0836486816406,597.8497314453125,0.8038056492805481,407.4228210449219,581.3634033203125,0.5082850456237793,648.0259399414062,755.6822509765625,0.8267147541046143,646.2214965820312,755.2694702148438,0.5562489628791809,830.4012451171875,767.4470825195312,0.9426290988922119,824.3856811523438,769.1019897460938,0.7190392017364502,969.1929321289062,626.8660888671875,0.9795953035354614
138,270.24627685546875,749.6197509765625,0.9912154078483582,315.5422668457031,599.16650390625,0.7348424792289734,315.5103454589844,596.1932373046875,0.6494343280792236,635.4340209960938,753.4230346679688,0.8461155891418457,638.6318359375,752.9769897460938,0.7085694074630737,831.7247924804688,765.8914184570312,0.89002525806427,825.5634765625,768.2198486328125,0.8218919038772583,940.7388305664062,627.3072509765625,0.9580124020576477
139,247.44786071777344,750.0534057617188,0.989361047744751,296.337158203125,597.5276489257812,0.4295722246170044,357.2499694824219,578.6915283203125,0.7551717758178711,374.0676574707031,762.090576171875,0.4389791786670685,368.4205627441406,761.885986328125,0.6528714895248413,829.303955078125,766.9434204101562,0.8947188854217529,824.2897338867188,768.9871215820312,0.6036578416824341,916.9674682617188,635.5038452148438,0.9836462736129761
140,221.89297485351562,747.8681030273438,0.9910082221031189,222.67922973632812,745.2176513671875,0.09680259227752686,224.58407592773438,745.6555786132812,0.25172752141952515,374.6424560546875,762.675537109375,0.5742293000221252,367.21148681640625,762.4959716796875,0.8308961391448975,831.6322021484375,766.421630859375,0.8157297372817993,823.8136596679688,769.250244140625,0.703309178352356,899.546142578125,637.7312622070312,0.9707865715026855
141,194.0480499267578,751.2449951171875,0.9982675313949585,256.1829528808594,605.863037109375,0.7107425332069397,304.83282470703125,581.0355224609375,0.28046274185180664,374.7164611816406,764.7293701171875,0.6067818403244019,367.75042724609375,762.9569702148438,0.8110772371292114,834.1135864257812,766.3074340820312,0.5864531397819519,832.7377319335938,762.6577758789062,0.8073546290397644,882.2554931640625,631.1466674804688,0.9772017002105713
142,168.0628204345703,753.6672973632812,0.9933992624282837,228.1504364013672,603.9945068359375,0.8665056228637695,227.21649169921875,601.4481811523438,0.5866255760192871,374.28741455078125,762.54443359375,0.7737957835197449,364.33990478515625,759.0952758789062,0.8705083131790161,840.1304321289062,760.472900390625,0.5510393381118774,833.6006469726562,760.299072265625,0.8105599880218506,858.7794799804688,626.254638671875,0.9760919213294983
143,138.61114501953125,752.084716796875,0.9895859360694885,203.66522216796875,608.2665405273438,0.7621302604675293,143.6202850341797,747.4730224609375,0.1816202700138092,372.96331787109375,763.2444458007812,0.6081745624542236,366.2272644042969,762.3607788085938,0.9114727973937988,828.2572631835938,767.0328369140625,0.4959690272808075,680.5946655273438,757.0867919921875,0.33716222643852234,831.3004760742188,617.5370483398438,0.9788105487823486
144,108.36705780029297,746.6398315429688,0.96226567029953,177.9977264404297,603.9017944335938,0.8365510106086731,111.5055160522461,745.3567504882812,0.18884572386741638,366.63580322265625,762.0018920898438,0.6650846004486084,365.6551818847656,762.3155517578125,0.9676988124847412,679.8223876953125,756.4353637695312,0.5608593225479126,816.5038452148438,758.4625854492188,0.7167209982872009,805.7079467773438,611.4559936523438,0.9886499047279358
145,79.38414764404297,745.3442993164062,0.9957056045532227,146.51165771484375,600.2433471679688,0.94746994972229,144.91488647460938,596.518310546875,0.12498041987419128,359.8475646972656,761.68408203125,0.6560584902763367,359.7019348144531,763.117431640625,0.9236704111099243,678.0972900390625,755.7512817382812,0.5586153864860535,677.0205078125,756.4574584960938,0.7196635007858276,787.2188110351562,608.6196899414062,0.992081880569458
146,55.46772384643555,755.1838989257812,0.9955375790596008,125.53446197509766,606.6336669921875,0.8918838500976562,116.22171020507812,595.8295288085938,0.1711711883544922,191.36209106445312,753.0912475585938,0.7119500637054443,362.96112060546875,761.5391845703125,0.9247943162918091,606.5944213867188,725.2485961914062,0.9386151432991028,676.8351440429688,753.3902587890625,0.9082490801811218,762.5819702148438,605.5076904296875,0.9483923316001892
147,30.22904396057129,756.9827880859375,0.9948645830154419,100.6630630493164,606.5841674804688,0.9382178783416748,97.59181213378906,597.802978515625,0.3698548376560211,360.0899658203125,761.0579223632812,0.724267840385437,360.20733642578125,761.4365234375,0.881701648235321,492.6304016113281,732.53076171875,0.7754132747650146,674.997314453125,750.9292602539062,0.8815645575523376,736.9533081054688,606.8075561523438,0.9718061089515686
148,156.49420166015625,25.122087478637695,0.4639981687068939,81.712890625,607.34423828125,0.9794027209281921,75.42328643798828,598.0611572265625,0.43533259630203247,345.5677795410156,760.1854248046875,0.7412735223770142,345.0940856933594,761.2681274414062,0.8399169445037842,469.4234924316406,731.51953125,0.3816567659378052,674.4659423828125,749.437744140625,0.9079037308692932,708.9578857421875,609.6929321289062,0.9871949553489685
149,156.72750854492188,25.615943908691406,0.31295448541641235,63.119224548339844,601.5966186523438,0.9364105463027954,54.416038513183594,594.3338623046875,0.35760247707366943,345.13299560546875,747.4719848632812,0.7164932489395142,190.56544494628906,763.0415649414062,0.763764500617981,351.00079345703125,749.8784790039062,0.7588291168212891,672.9052734375,747.3334350585938,0.7987020015716553,680.9134521484375,619.1025390625,0.9642485976219177
150,156.43234252929688,24.930910110473633,0.4276953339576721,31.517648696899414,595.2700805664062,0.9471372365951538,27.554025650024414,591.5072631835938,0.1410215198993683,357.3715515136719,761.855712890625,0.7122558951377869,188.94512939453125,762.2506103515625,0.7014368772506714,391.5971374511719,758.5576171875,0.290920615196228,670.7518310546875,748.8709106445312,0.797507643699646,660.4864501953125,624.4743041992188,0.9920282363891602
151,155.96170043945312,24.82141876220703,0.3201489746570587,404.5160217285156,764.1812133789062,0.053152889013290405,165.18328857421875,2.6379764080047607,0.06754735112190247,193.67489624023438,764.7871704101562,0.7322799563407898,188.3275909423828,760.4932250976562,0.9491106271743774,667.757080078125,748.2520751953125,0.5557001829147339,664.99169921875,745.9300537109375,0.8370383977890015,642.71337890625,630.4346923828125,0.9862305521965027
152,156.57150268554688,24.507808685302734,0.4104480743408203,404.0626220703125,765.115966796875,0.05860769748687744,158.73069763183594,2.876633644104004,0.13450226187705994,194.5084991455078,765.1808471679688,0.6422405242919922,187.66619873046875,762.5487060546875,0.7394614815711975,665.0238037109375,747.5840454101562,0.29777300357818604,661.8247680664062,747.0691528320312,0.7989460229873657,628.2149658203125,634.8184204101562,0.9803881645202637
153,156.3023681640625,25.34955406188965,0.31356972455978394,9.280517578125,731.6669311523438,0.0924467146396637,314.66253662109375,1290.667236328125,0.07020106911659241,195.22267150878906,763.1339111328125,0.788549542427063,189.00140380859375,760.5576782226562,0.8207918405532837,654.6666259765625,742.886962890625,0.6163830757141113,653.2178955078125,742.99267578125,0.68278968334198,611.04150390625,634.7938842773438,0.9793384075164795
154,156.85797119140625,25.07558822631836,0.36902788281440735,394.5286560058594,765.2299194335938,0.04327556490898132,159.1377716064453,2.952314853668213,0.08766722679138184,195.81948852539062,762.3847045898438,0.7159098386764526,189.3081817626953,760.060302734375,0.8452698588371277,375.9580383300781,766.1709594726562,0.2139624059200287,636.1342163085938,736.8283081054688,0.7343925833702087,598.5845947265625,636.029296875,0.9726698398590088
155,156.7875518798828,24.903898239135742,0.3574164807796478,361.111328125,766.984375,0.060810983180999756,158.93045043945312,3.060591220855713,0.12525248527526855,197.63140869140625,762.232421875,0.7828314304351807,188.81390380859375,759.4396362304688,0.8722738027572632,589.4834594726562,718.0693359375,0.47804269194602966,585.4894409179688,715.7686157226562,0.32228052616119385,588.0166625976562,641.026123046875,0.9844135642051697
156,155.45059204101562,23.773670196533203,0.3902776837348938,316.65399169921875,1292.9561767578125,0.0436285138130188,158.4564208984375,2.964120864868164,0.13459408283233643,194.72999572753906,764.1986083984375,0.7667529582977295,189.8103790283203,761.8641967773438,0.5571246147155762,363.4168395996094,766.5436401367188,0.746675431728363,361.31427001953125,767.5653076171875,0.27535751461982727,584.071044921875,646.8222045898438,0.9781243801116943
157,156.8611297607422,24.85018539428711,0.32207828760147095,573.4738159179688,651.1929321289062,0.049820661544799805,165.11322021484375,1.9768664836883545,0.06432774662971497,195.0381317138672,764.0438232421875,0.7320547699928284,188.69540405273438,761.7798461914062,0.6637085676193237,361.14984130859375,766.0595092773438,0.5394501090049744,357.673583984375,766.956787109375,0.25866344571113586,574.44482421875,650.8982543945312,0.9637219905853271
158,157.3519287109375,24.708303451538086,0.3658972382545471,358.1251525878906,767.826171875,0.038332581520080566,159.1935272216797,3.2557930946350098,0.09132412075996399,193.0401611328125,766.713134765625,0.7738759517669678,187.88909912109375,763.9774780273438,0.4410695731639862,359.8777160644531,766.8756103515625,0.5982347726821899,357.23028564453125,767.510009765625,0.3879377841949463,564.5203247070312,654.674072265625,0.990670382976532
159,157.57481384277344,24.785648345947266,0.3166200816631317,357.447021484375,768.3314208984375,0.03359484672546387,158.6734161376953,3.2337143421173096,0.10844627022743225,190.8697967529297,766.885498046875,0.8785731792449951,184.9007110595703,765.4098510742188,0.7436380386352539,356.6587219238281,766.33203125,0.40260565280914307,345.448486328125,767.49755859375,0.46144264936447144,556.181884765625,655.390380859375,0.9686706066131592
160,155.60093688964844,25.025203704833984,0.4030417799949646,448.7843322753906,760.7868041992188,0.04837369918823242,158.65451049804688,2.9147627353668213,0.12595486640930176,186.19454956054688,768.2935180664062,0.835705578327179,448.2692565917969,760.23681640625,0.8563414812088013,367.6125183105469,767.3102416992188,0.4755558669567108,366.26324462890625,767.3096923828125,0.314484179019928,544.1417236328125,651.3163452148438,0.9746248126029968
161,155.77493286132812,24.741092681884766,0.4446907043457031,443.2339172363281,762.0325927734375,0.06886380910873413,158.7509307861328,2.5714521408081055,0.11640837788581848,186.09817504882812,767.1486206054688,0.8386191129684448,174.90777587890625,768.143310546875,0.699979841709137,364.75152587890625,767.1610107421875,0.4475194215774536,362.0768127441406,767.2792358398438,0.3723403215408325,537.3434448242188,652.4918212890625,0.9826775789260864
162,155.58766174316406,24.96676254272461,0.30865010619163513,443.29248046875,763.0451049804688,0.06562784314155579,158.58261108398438,2.5005693435668945,0.09486904740333557,185.33384704589844,765.076416015625,0.887940526008606,176.05043029785156,765.4248046875,0.8271504044532776,364.9209289550781,767.0353393554688,0.25530165433883667,362.5775146484375,767.4093627929688,0.3897440433502197,530.7068481445312,657.4512939453125,0.9923098087310791
163,156.3358154296875,25.104164123535156,0.31433242559432983,363.908203125,766.3826904296875,0.05716836452484131,158.9651641845703,2.508342981338501,0.08669894933700562,159.25218200683594,764.1494750976562,0.7157994508743286,156.27108764648438,765.0233154296875,0.7366223335266113,365.13995361328125,767.0834350585938,0.38432231545448303,362.7973937988281,767.189208984375,0.4093661308288574,526.0515747070312,661.1304321289062,0.9814136028289795
164,155.28945922851562,24.863121032714844,0.46931320428848267,363.39898681640625,766.7657470703125,0.04082810878753662,158.60975646972656,2.8845057487487793,0.13451260328292847,445.95166015625,760.924560546875,0.4143826365470886,446.31591796875,758.40966796875,0.8460856676101685,363.2735595703125,766.6088256835938,0.4982456862926483,361.0957336425781,767.4481201171875,0.4779762327671051,520.9052734375,659.9146728515625,0.9857581853866577
165,155.146240234375,25.889434814453125,0.4501829147338867,4.232004165649414,764.4479370117188,0.09097030758857727,158.5877227783203,3.1607227325439453,0.13895583152770996,446.0290222167969,762.57080078125,0.4096025824546814,444.6882629394531,760.245361328125,0.5442305207252502,363.8437805175781,765.9618530273438,0.49873319268226624,444.8553771972656,760.603759765625,0.3200382888317108,519.6674194335938,662.6644897460938,0.9826011061668396
166,155.7576446533203,25.48505401611328,0.5894653797149658,10.144716262817383,764.1326293945312,0.07757514715194702,158.8841552734375,3.1545352935791016,0.12944850325584412,445.32891845703125,759.0112915039062,0.37425029277801514,19.311134338378906,764.6142578125,0.6289082169532776,364.9100341796875,766.5975341796875,0.5192754864692688,360.0075378417969,766.701416015625,0.40279772877693176,513.8346557617188,664.3072509765625,0.9787602424621582
167,156.93373107910156,25.683378219604492,0.4449344873428345,8.958224296569824,762.9263305664062,0.07025989890098572,158.8994598388672,2.664694309234619,0.13171476125717163,445.2533264160156,758.75048828125,0.44329559803009033,8.583264350891113,763.3161010742188,0.34372299909591675,364.39141845703125,766.1719360351562,0.5299906730651855,359.7417907714844,766.3837280273438,0.4839717447757721,506.3261413574219,662.951904296875,0.9725472927093506
168,155.09999084472656,25.63751983642578,0.4976043403148651,444.88922119140625,759.0755615234375,0.05858001112937927,158.68028259277344,3.0729923248291016,0.12319815158843994,446.0679626464844,759.2354736328125,0.4895002543926239,443.42791748046875,757.4149780273438,0.2895687222480774,366.5426330566406,765.2169799804688,0.7972936630249023,359.535400390625,765.8284301757812,0.4210352301597595,506.5445861816406,663.316650390625,0.967795193195343
169,158.13177490234375,25.509559631347656,0.15173739194869995,10.862075805664062,765.1879272460938,0.0904010534286499,164.61721801757812,2.1786770820617676,0.05444982647895813,445.23114013671875,759.1704711914062,0.3801112771034241,18.184133529663086,766.2831420898438,0.47779878973960876,367.0005187988281,765.5014038085938,0.7687598466873169,444.3175964355469,757.4218139648438,0.3898068964481354,507.0018005371094,663.7977294921875,0.9745116233825684
170,155.7663116455078,25.221723556518555,0.4192808270454407,7.977470397949219,764.9796752929688,0.056260883808135986,158.95858764648438,2.872119903564453,0.10093551874160767,445.0915222167969,757.8568725585938,0.3976738154888153,5.561040878295898,764.2042846679688,0.28477931022644043,368.03759765625,765.0250854492188,0.7254692316055298,362.7742919921875,765.9664916992188,0.4335433840751648,505.5832824707031,662.8433837890625,0.975033164024353
171,155.93092346191406,25.763526916503906,0.2218688726425171,316.0884094238281,1293.3621826171875,0.054283857345581055,158.82156372070312,2.748711585998535,0.077880859375,444.08270263671875,758.4072265625,0.3286280632019043,442.222412109375,757.9699096679688,0.14073601365089417,365.7568054199219,765.9447021484375,0.5514535903930664,362.40277099609375,766.3458251953125,0.5510122776031494,504.9342956542969,660.7279052734375,0.9876667261123657
172,156.28614807128906,25.587759017944336,0.4499443769454956,443.9490966796875,758.8272094726562,0.041960686445236206,158.8817596435547,3.1042253971099854,0.09836766123771667,32.787235260009766,766.6607666015625,0.41170772910118103,28.378841400146484,765.5604248046875,0.6548506021499634,366.6027526855469,765.3161010742188,0.6775791645050049,442.0699768066406,757.0519409179688,0.4225257337093353,501.0896911621094,660.8270263671875,0.994084894657135
173,155.01866149902344,25.000083923339844,0.5356132984161377,315.3466796875,1293.4957275390625,0.042421579360961914,158.84942626953125,3.253830671310425,0.11282819509506226,34.83372116088867,767.1069946289062,0.4995857775211334,30.313644409179688,766.0374755859375,0.7117745280265808,364.92437744140625,765.7218017578125,0.5037305355072021,435.92120361328125,757.77490234375,0.679313063621521,500.6485595703125,662.0137939453125,0.9924148917198181
174,155.50169372558594,25.311574935913086,0.5328339338302612,371.5317687988281,767.3843383789062,0.06452414393424988,158.91001892089844,3.1779396533966064,0.13570928573608398,34.33903884887695,767.493408203125,0.37143683433532715,29.744670867919922,766.33251953125,0.3633759319782257,369.5505676269531,765.0130004882812,0.6902256608009338,363.633544921875,765.9835815429688,0.3810743987560272,503.18402099609375,664.7286376953125,0.9799792766571045
175,158.5692901611328,25.94099235534668,0.15079838037490845,372.5610046386719,766.9932861328125,0.05558145046234131,165.00558471679688,2.0505242347717285,0.048452556133270264,34.51708984375,770.1556396484375,0.17417803406715393,30.745912551879883,769.703125,0.16986137628555298,368.8714599609375,764.4797973632812,0.46382802724838257,354.4665832519531,765.4390869140625,0.5109292268753052,505.7880554199219,675.9418334960938,0.9903212189674377
176,154.70245361328125,25.15218734741211,0.6484110355377197,371.85260009765625,767.2940063476562,0.08820885419845581,159.13131713867188,3.500946521759033,0.17083889245986938,34.46846389770508,769.3394775390625,0.41324731707572937,30.98064613342285,768.5162353515625,0.3823709785938263,368.3706970214844,764.6625366210938,0.5059072971343994,359.7261962890625,765.5551147460938,0.4819454550743103,503.51153564453125,678.7406005859375,0.9876993894577026
177,156.12103271484375,24.762310028076172,0.37813663482666016,366.0465087890625,767.5161743164062,0.06997993588447571,158.74334716796875,2.749156951904297,0.08734512329101562,37.72076416015625,767.5956420898438,0.49511417746543884,30.321674346923828,767.7288208007812,0.7595453262329102,365.88818359375,764.9409790039062,0.6000242829322815,356.2623596191406,765.92333984375,0.26774632930755615,502.2919006347656,676.505126953125,0.993128776550293
178,156.85569763183594,25.35516357421875,0.4938640594482422,365.6532897949219,767.498779296875,0.07014802098274231,158.68360900878906,3.3418080806732178,0.1538027822971344,38.207157135009766,767.54150390625,0.4526522159576416,31.469295501708984,767.2710571289062,0.7904945611953735,364.0424499511719,764.904541015625,0.615347146987915,355.25634765625,766.2793579101562,0.40761131048202515,500.6560974121094,676.51708984375,0.9936843514442444
179,157.09625244140625,25.266136169433594,0.429963082075119,366.2855224609375,767.8418579101562,0.03442102670669556,158.41175842285156,3.3236348628997803,0.14353033900260925,32.224388122558594,770.5966796875,0.3161205053329468,29.15062141418457,769.8504028320312,0.28728222846984863,354.411376953125,764.4271240234375,0.3581251800060272,347.22991943359375,766.1555786132812,0.31471502780914307,501.908447265625,677.8989868164062,0.9877927899360657
180,159.14576721191406,25.563213348388672,0.5581106543540955,317.1432189941406,1293.103515625,0.087103933095932,159.02549743652344,3.860605478286743,0.22078409790992737,362.58331298828125,761.8689575195312,0.10942569375038147,507.27020263671875,679.9503173828125,0.05000025033950806,366.0860595703125,763.27392578125,0.5945702791213989,358.3592224121094,764.5677490234375,0.4267151355743408,507.1792907714844,678.7759399414062,0.9725884199142456
181,157.67166137695312,25.395593643188477,0.6004209518432617,312.88800048828125,1294.458740234375,0.09676313400268555,158.74609375,3.7338664531707764,0.12402811646461487,359.9264831542969,762.3276977539062,0.1717529296875,357.564208984375,764.209716796875,0.050124794244766235,359.15777587890625,763.3023681640625,0.6033443212509155,356.1152648925781,764.5584716796875,0.5001124143600464,516.577392578125,678.63720703125,0.9895371198654175
182,158.36717224121094,25.563247680664062,0.5062755942344666,372.360595703125,765.3223876953125,0.10389584302902222,159.45680236816406,3.7206811904907227,0.12956729531288147,369.5105895996094,763.2354125976562,0.19928959012031555,368.99755859375,762.7938842773438,0.08425578474998474,369.9516906738281,763.4874267578125,0.7000460624694824,363.01678466796875,764.188232421875,0.3445528745651245,523.0328979492188,677.8270874023438,0.9798578023910522
183,155.7876739501953,25.01072883605957,0.29304587841033936,373.9820556640625,764.662841796875,0.09331753849983215,159.40487670898438,3.204604387283325,0.10934951901435852,370.55792236328125,762.8583984375,0.19911128282546997,370.5274353027344,762.5858154296875,0.06665417551994324,371.986083984375,763.0990600585938,0.6837877631187439,363.33892822265625,764.30078125,0.29657119512557983,527.1383666992188,677.1663208007812,0.9726818799972534
184,158.45199584960938,25.315521240234375,0.4701615571975708,376.9908752441406,763.8719482421875,0.09472322463989258,158.8936767578125,3.5903186798095703,0.1293959617614746,382.2665100097656,762.6548461914062,0.20139983296394348,377.26947021484375,761.8717041015625,0.1484571099281311,373.9015197753906,762.9354858398438,0.46272778511047363,360.280029296875,763.2864990234375,0.2406226396560669,530.7456665039062,675.0758056640625,0.9919594526290894
185,156.50540161132812,24.823881149291992,0.19299140572547913,373.1535339355469,764.171630859375,0.08338898420333862,158.53184509277344,3.3166985511779785,0.05579030513763428,370.7916564941406,762.7220458984375,0.15808749198913574,370.291259765625,762.6177978515625,0.0635402500629425,371.0882263183594,762.7980346679688,0.7817724943161011,363.4812927246094,764.5189819335938,0.35795795917510986,530.60986328125,673.7894287109375,0.9913088083267212
186,156.68011474609375,24.57909393310547,0.3018787205219269,374.0655822753906,763.2504272460938,0.08968505263328552,158.84686279296875,3.182485818862915,0.09915769100189209,371.7508850097656,761.7445068359375,0.1425405740737915,372.00616455078125,763.2069091796875,0.07815122604370117,372.1244201660156,762.278076171875,0.725767195224762,360.26904296875,764.6453247070312,0.41716915369033813,527.7063598632812,673.6690673828125,0.9896063804626465
187,156.15097045898438,24.737741470336914,0.37550729513168335,1.1244518756866455,784.1332397460938,0.1575622260570526,3.417332649230957,789.3970336914062,0.09824252128601074,1.2825946807861328,790.27880859375,0.23360273241996765,51.19520950317383,768.5885620117188,0.24816173315048218,373.0251159667969,762.6690063476562,0.7112585306167603,372.94781494140625,762.802978515625,0.2981780171394348,527.1680297851562,671.1448974609375,0.9830503463745117
188,155.8627471923828,24.793588638305664,0.3779807984828949,376.28814697265625,762.1954956054688,0.08180117607116699,158.63011169433594,3.721510171890259,0.10331636667251587,32.94636535644531,786.1438598632812,0.9306958317756653,376.0686950683594,761.8346557617188,0.16393741965293884,375.2311096191406,761.8111572265625,0.7414625883102417,374.2735595703125,762.23046875,0.2968338131904602,530.0650024414062,675.4335327148438,0.9915212392807007
189,157.32406616210938,24.809463500976562,0.24114841222763062,375.8498840332031,763.5765380859375,0.10150673985481262,165.19158935546875,2.6853861808776855,0.05309951305389404,49.3201904296875,794.313720703125,0.9208289384841919,376.1524658203125,762.5992431640625,0.11940813064575195,51.044212341308594,793.416015625,0.7199199199676514,374.40087890625,763.577392578125,0.3065638840198517,528.505615234375,681.1381225585938,0.9744906425476074
190,157.3099365234375,24.86713981628418,0.4776743948459625,373.3950500488281,762.97216796875,0.0831994116306305,158.9652557373047,3.348541259765625,0.12585917115211487,50.449825286865234,797.2642211914062,0.8426007032394409,527.3819580078125,684.124755859375,0.06415840983390808,371.23577880859375,761.826904296875,0.8446406126022339,361.7029113769531,764.3607788085938,0.3436086177825928,526.7509155273438,683.7688598632812,0.9778233766555786
191,158.2771759033203,24.48218536376953,0.23086637258529663,378.1657409667969,761.5429077148438,0.07080477476119995,314.4530944824219,1290.066650390625,0.08739125728607178,50.3447380065918,796.9815063476562,0.8169061541557312,49.28746032714844,794.3623046875,0.17667502164840698,376.53009033203125,760.379638671875,0.6330035924911499,376.4297180175781,760.891845703125,0.3082289695739746,523.6735229492188,684.1065673828125,0.9489130973815918
192,157.27877807617188,23.645641326904297,0.563401460647583,375.743896484375,762.4462280273438,0.07019311189651489,159.1826171875,2.7533950805664062,0.09651657938957214,50.291507720947266,798.0769653320312,0.6245855093002319,51.37138366699219,796.3150634765625,0.15798047184944153,375.353271484375,761.7274780273438,0.7302381992340088,375.0035705566406,762.7891235351562,0.23170480132102966,525.119873046875,684.3069458007812,0.965177595615387
193,157.10760498046875,24.057971954345703,0.47491374611854553,375.1184997558594,763.739013671875,0.0870751142501831,159.02581787109375,3.1911776065826416,0.09102648496627808,49.740760803222656,800.7792358398438,0.4987712800502777,374.3507995605469,763.2462158203125,0.15063327550888062,373.6828918457031,762.4022827148438,0.6947635412216187,374.3840637207031,762.9083862304688,0.24409064650535583,521.3597412109375,682.7101440429688,0.9712255597114563
194,155.8007354736328,23.900821685791016,0.38124552369117737,374.3675231933594,763.0905151367188,0.06398385763168335,158.5875701904297,2.6240787506103516,0.07801350951194763,374.3627014160156,762.5360717773438,0.1949622929096222,375.0451354980469,761.7799072265625,0.1456179916858673,372.5397644042969,761.9993896484375,0.7665678262710571,362.2030029296875,763.3018188476562,0.210956871509552,517.6605834960938,680.9600830078125,0.9838141202926636
195,154.73602294921875,23.4127254486084,0.40006861090660095,311.30499267578125,1293.48388671875,0.07227319478988647,158.25454711914062,2.454989433288574,0.08832645416259766,373.2561950683594,760.5309448242188,0.23556354641914368,374.950927734375,760.0264282226562,0.20692750811576843,373.976806640625,760.09521484375,0.6483688950538635,372.8519287109375,760.6672973632812,0.4209137260913849,515.9566040039062,679.748291015625,0.9881938695907593
196,155.32518005371094,23.71728515625,0.283658504486084,310.2621154785156,1293.21435546875,0.11520248651504517,309.57025146484375,1291.0994873046875,0.0920032262802124,373.5480651855469,760.8541259765625,0.16013097763061523,375.49169921875,760.4732666015625,0.10201230645179749,373.50079345703125,760.1697998046875,0.8043885231018066,373.20245361328125,760.913330078125,0.3430938720703125,513.4158325195312,677.8025512695312,0.9891582727432251
197,155.90121459960938,23.631505966186523,0.34263068437576294,374.2626647949219,762.1603393554688,0.0845792293548584,158.42031860351562,2.48175048828125,0.08177012205123901,371.6642761230469,761.2677612304688,0.1853230893611908,374.32391357421875,760.0277709960938,0.11456221342086792,371.61962890625,760.248291015625,0.8015403747558594,371.4305725097656,760.8436889648438,0.2725277543067932,508.93017578125,675.5437622070312,0.979519784450531
198,157.6267547607422,23.218122482299805,0.2018783688545227,370.8483581542969,763.6067504882812,0.04326006770133972,315.64447021484375,1289.0224609375,0.1097097098827362,368.5655517578125,761.9205932617188,0.11466127634048462,507.6142272949219,668.7992553710938,0.04283696413040161,367.56195068359375,761.8935546875,0.8058990240097046,358.1331787109375,762.5364990234375,0.4614757001399994,506.0921630859375,670.2259521484375,0.9363811016082764
199,157.2406463623047,22.332576751708984,0.2213956117630005,318.61260986328125,1290.816650390625,0.06680148839950562,317.94091796875,1288.2528076171875,0.1138453483581543,96.14479064941406,809.2241821289062,0.40457120537757874,94.70646667480469,808.6497192382812,0.1741737425327301,371.0834045410156,760.9067993164062,0.8718123435974121,365.7761535644531,760.7293090820312,0.36081475019454956,504.4665222167969,666.8759765625,0.9791244268417358
